IDSKILLS,skills
500,CDISC
501,Brocade Fibre Switches
502,IEC 61131-3
503,RV
504,FNMA
505,SBR
506,Leadership Development
507,WSDL
508,HTML Help Workshop
509,QS1
510,Firewalls
511,BTE
512,Pneumatic Tools
513,Ultimate Frisbee
514,Historical Research
515,OLEDB
516,Piloting
517,Wholesale
518,Media Relations
519,Budgets
520,Cell
521,Aerodynamics
522,Mplus
523,Human Capital Management
524,LCD Projectors
525,Target Costing
526,Yardi
527,Kernel Programming
528,Kitchen amp Bath Design
529,Musical Theatre
530,Gx
531,Fraud
532,Blended Learning
533,Outpatient Orthopedics
534,MD-11
535,Kundalini
536,Three.js
537,Catering
538,PJM
539,JCT
540,Pyrosequencing
541,ASP.NET MVC
542,Lyric Soprano
543,Supervisory Skills
544,DH+
545,Windows Server
546,SFI
547,Supply Chain Optimization
548,Turbo C++
549,Estimates
550,Transportation Management
551,SWOT analysis
552,Electronics
553,TV series
554,FCAPS
555,QS9000
556,Mac OS X Server
557,HDF5
558,RTF
559,Helicopters
560,VMware
561,Databases
562,Awesomeness
563,Sleep Apnea
564,IT Solutions
565,DMMs
566,Customer Retention
567,Google Earth
568,iPhone Support
569,Design Thinking
570,AHA
571,CMA
572,Time Management
573,CPFR
574,Differentiated Instruction
575,NCDA
576,High Yield
577,WebLogic
578,Zoomerang
579,Curriculum Development
580,MDX
581,Physician Relations
582,CSS
583,iWeb
584,Fitness
585,Public Safety
586,Luxury Homes
587,SVT
588,EBIT
589,Emerging Markets
590,Abstract Paintings
591,HP Proliant
592,Analysis
593,WSIB Claims Management
594,Rigging
595,Editorial
596,ERDAS Imagine
597,Aircraft
598,FCS
599,Special Events Coordination
600,ATP
601,Operational Efficiency
602,LDPC
603,OxMetrics
604,Wine Tasting
605,Equity Derivatives
606,eHRPD
607,MM modules
608,BMC Patrol
609,Doors
610,PTLLS
611,CQT
612,Quality Assurance
613,Shared Services
614,Store Operations
615,Kontakt
616,SSL Duality
617,Criminal Law
618,CFI
619,Database Design
620,HP-UX
621,Oxidation
622,Protein Purification
623,MVT
624,Industrial Ethernet
625,QSE
626,Tunnels
627,QC Tools
628,Undercover
629,Case Management
630,Capital Equipment Sales
631,Focus Groups
632,Banquets
633,Audio Typing
634,TBMCS
635,Dysarthria
636,CGI
637,Attorneys
638,SAP EWM
639,Oil on Canvas
640,Tax Research
641,CMTS
642,Managed Services
643,JIS
644,Sickness Absence Management
645,On-Set VFX Supervision
646,Manufacturing
647,Pharmaceutical Industry
648,Core Banking
649,IFRS
650,RF Planning
651,Stand-up Comedy
652,Rural Development
653,Fractional Ownership
654,Ethics
655,MS Reporting Services
656,TPMS
657,Scrum
658,GTS
659,Operational Due Diligence
660,Kaledo
661,Criminal Justice
662,WLI
663,LSAMS
664,Corporate Governance
665,z/OS
666,LGBT Rights
667,Tk
668,Online Gaming
669,SLA
670,Wealth Management
671,BMC Remedy User
672,PBS
673,iPod
674,Skin Care Products
675,PDMS Design
676,Pivot Tables
677,Knowledge Discovery
678,HVAC
679,FX Trading
680,IFM
681,ODD
682,Content Strategy
683,Ventilation
684,IEEE standards
685,VHDL
686,Contract Management
687,FDTD
688,Twitter API
689,Yard Management
690,GCIH
691,GPS Applications
692,KnockoutJS
693,Tourism
694,VNC
695,Groundwater
696,CFM
697,LTACH
698,JNDI
699,Oil amp Gas Law
700,solid-state NMR
701,XTRACT
702,Olympic Lifting
703,Government
704,JTAG
705,SRST
706,BST
707,Slope Stability Analysis
708,Science Journalism
709,Autism Spectrum Disorders
710,Urban Regeneration
711,Type Design
712,Exercise Physiology
713,Guitar Playing
714,Human Resources
715,TPX
716,IxLoad
717,ESB
718,SNMP
719,UV disinfection
720,Ownership
721,RRSP
722,Rsync
723,Brand Awareness
724,RMADS
725,Music Production
726,Private Banking
727,HMI Design
728,Ion Exchange
729,Test Automation
730,Plant Identification
731,Strategic Human Resources Leadership
732,GUI development
733,Online Lead Generation
734,Guided Reading
735,VLSI
736,PCR
737,TUPE
738,Nickel
739,Sarbanes-Oxley Act
740,MSC Patran
741,CFR
742,Kuka
743,pgAdmin
744,Home Care
745,Microsoft Office
746,Social Media Marketing
747,Myriad
748,Spanish
749,OC RDC
750,Ticketing
751,AJAX Toolkit
752,Corel Draw
753,European Union Politics
754,WSRR
755,Platform LSF
756,Linux KVM
757,Lunix
758,XML Databases
759,Youth Ministry
760,IFTA
761,IATA
762,Utility Construction
763,Music Theory
764,FFampE Procurement
765,Artistic Abilities
766,Sports Play-by-play
767,Kayak
768,Aerospace Engineering
769,DHTML
770,MPEG2
771,Formation Evaluation
772,WDM
773,Cost Accounting
774,RSLinx
775,Power Generation
776,PPV
777,Power Utilities
778,Cisco VPN
779,TMJ Treatment
780,Workshops
781,Hypnosis
782,TCF
783,Spring DM
784,Utilities Management
785,Civil Aviation
786,Microsoft Dynamics AX
787,IT Transformation
788,uC/OS-II
789,Project Oversight
790,Corporate Communications
791,ISO 14971
792,LWD
793,FTP software
794,iSCSI
795,PTCRB
796,D3.js
797,IM
798,Eblasts
799,Agile Project Management
800,Real Estate Transactions
801,GIS Application
802,Xserve
803,HPLC
804,nDo
805,Security Audits
806,HSQE
807,Apache Pig
808,Hmong
809,HTML
810,WC
811,Auditing
812,Grief Counseling
813,DXL
814,Computer Graphics
815,SMED
816,ETL
817,Keynote
818,TI DSPs
819,MHE
820,History
821,Hearings
822,Architectural Design
823,WPC
824,KML
825,Geophysics
826,Chromatography
827,Life Insurance
828,IxChariot
829,Production Planning
830,JUNOS
831,Vegetables
832,Computer Network Operations
833,Military Training
834,Kinematics
835,NGS
836,Non-profit Volunteering
837,Newsletters
838,Bathrooms
839,PXI
840,Business Process Improvement
841,Laptops
842,HSEQ
843,MS Excel Pivot Tables
844,RFLP
845,Heavy Equipment
846,VMM
847,UDS
848,Egyptian Arabic
849,European Law
850,Social Justice
851,Performing Arts
852,Sleepwear
853,Performance Improvement
854,SAP PP
855,CSLA
856,Editing
857,Events Organisation
858,MySQL
859,GNU Debugger
860,FCE
861,CPI
862,Process Simulation
863,TMJ Dysfunction
864,Workforce Management
865,Freight Forwarding
866,HD Camera Operation
867,Information Security Awareness
868,FM Radio
869,BFD
870,FWSM
871,NCAA Compliance
872,CTRS
873,EBSD
874,AHU
875,TDM
876,TPL
877,FPSO
878,DBVisualizer
879,GCC
880,DTC
881,Client Aquisition
882,Cellular Communications
883,Franchising
884,VMware vSphere
885,Data Collection
886,Powder X-ray Diffraction
887,GTP
888,Tablet PC
889,VPN
890,Kickstart
891,Iptables
892,RCV
893,MMSC
894,Medical Nutrition Therapy
895,Crystal Xcelsius
896,Film
897,Front Office
898,Product Life Cycle
899,Forecasting
900,AOD
901,CBM
902,International Sales
903,Operational Oversight
904,Website Development
905,WCF Services
906,PDCA
907,LLC
908,CDMA2000
909,Medical Billing
910,LynxOS
911,ProSystem fx Engagement
912,Commercial Piloting
913,Blender
914,Black Box Testing
915,Segregation of Duties
916,Kronos Timekeeping
917,Vulnerability Scanning
918,Unified Communications
919,LCR
920,Financial Reporting
921,CDM Coordinator
922,Shrinkage
923,Gas Turbines
924,Omnet++
925,MCAD
926,Avid
927,Appraisals
928,Psychometrics
929,SnagIt
930,What-if Analysis
931,Microsoft Project
932,MW
933,Civil Litigation
934,Interior Design
935,Blues
936,NNTP
937,Nuclear
938,LaTeX
939,Hypnotherapy
940,Wedding DJ
941,Windows Vista
942,Customs Regulations
943,Health Education
944,CMYK
945,Agility
946,HP
947,Transitional Justice
948,Bridge
949,jBase
950,BPMN
951,Logging
952,Digital Photography
953,Metro Ethernet
954,RC
955,Xactly
956,XML-RPC
957,Xilinx
958,PV
959,Psychological Assessment
960,PeopleSoft
961,Agronomy
962,Scheduling
963,GMDSS
964,EBMS
965,DB2
966,SDL Trados
967,People Management
968,Xerces
969,Restorative Justice
970,Resume Writing
971,Ecological Restoration
972,DLS
973,Job Search
974,IGCC
975,WM modules
976,eEye Retina
977,GTAW
978,Entrust PKI
979,Ocean Freight
980,Sports
981,CVD
982,Team Mgmt
983,System Administration
984,CVS
985,VSE
986,Outsourcing Management
987,DNA quantification
988,Equipment Maintenance
989,Luminex
990,Tally ERP
991,Employee Handbooks
992,Fume FX
993,QPSK
994,Special Education
995,Electronic Trading
996,Facilitation
997,Zend Server
998,UBD
999,OOH
1000,Aerospace Manufacturing
1001,Tgrid
1002,GPON
1003,Kung Fu
1004,DNSSEC
1005,Java Enterprise Edition
1006,Epoxy
1007,PPAPs
1008,Tax Preparation
1009,PNR
1010,Capacity Building
1011,VA Loans
1012,UTRAN
1013,JCA
1014,Urban Studies
1015,MPEG
1016,TF-CBT
1017,PFlow
1018,Flight Test
1019,Crisis Management
1020,Dairy
1021,XFP
1022,WLST
1023,Gynecology
1024,SSIS
1025,DSDM
1026,CPT
1027,Substance Use Disorders
1028,DFD
1029,SRDS
1030,Songwriting
1031,Packaging
1032,TSP
1033,RTP
1034,McKesson PACS
1035,VMware Fusion
1036,Prototype.js
1037,Telephone Skills
1038,Ethnography
1039,Citrix XenApp
1040,BC/DR
1041,Feature Films
1042,Benefits Negotiation
1043,LyX
1044,GS1
1045,FEM analysis
1046,GSI
1047,GTK
1048,HLSL
1049,Umbraco
1050,Igloo
1051,IICRC Certifications
1052,Slide Preparation
1053,HDL Designer
1054,PMM
1055,Technical Writing
1056,Operational Risk Management
1057,PnL Management
1058,Ticket Sales
1059,KDB+
1060,ISO/TS 16949
1061,GWT
1062,OTL
1063,OHSAS 18001
1064,BMC Remedy AR System
1065,Yield Management
1066,Japanese
1067,LPAR
1068,HCS
1069,HttpUnit
1070,Workers Compensation
1071,Strategic Communications
1072,dsPIC
1073,Biomedical Engineering
1074,GPS
1075,PKI
1076,RRP
1077,FPC 1
1078,Digital Strategy
1079,MLB
1080,International Law
1081,Reverse Logistics
1082,DBMS
1083,IETF
1084,Start-up Ventures
1085,Hospitality Industry
1086,Overcome Objections
1087,Vocals
1088,IFC
1089,Osteoporosis
1090,MTOs
1091,Wills
1092,Interviewing Skills
1093,Airline Management
1094,Omeka
1095,XMetal
1096,Legal Writing
1097,FBT
1098,PMA
1099,OAM
1100,Gypsum
1101,Supporting Others
1102,HR Transformation
1103,Sustainable Design
1104,Underscore.js
1105,LGD
1106,RHCE
1107,Errors amp Omissions
1108,Non-fiction
1109,MGCP
1110,Functional Verification
1111,Real Estate License
1112,Quality System
1113,KVM
1114,PgSQL
1115,Quantitative Finance
1116,Routing
1117,CBI
1118,PDM Works
1119,Yellow Pages
1120,Vessel Operations
1121,Short Stories
1122,IAR
1123,TDMA
1124,ODS
1125,VLC
1126,ICU
1127,MVC Architecture
1128,Test Equipment
1129,DVPampR
1130,DGGE
1131,ISO 22000
1132,Data Structures
1133,OEE
1134,TPC
1135,VMware VTSP
1136,Retail
1137,BTLS
1138,HBDI
1139,Corporate Law
1140,HMI Configuration
1141,Gifted Education
1142,MBCS
1143,LPT
1144,IGMP
1145,NWDI
1146,Online Travel
1147,iPhone
1148,XForms
1149,E-Learning
1150,Embedded SQL
1151,UE
1152,EEO Compliance
1153,MPower
1154,Online Help
1155,Feature Articles
1156,PostgreSQL
1157,JUnit
1158,Ethical Hacking
1159,People-oriented
1160,RCS Selector
1161,Snowboarding
1162,Contact Centers
1163,FSC certified
1164,ISO
1165,Web 2.0
1166,Value Engineering
1167,Kubuntu
1168,Circuit Design
1169,Eclipse RCP
1170,BFSI
1171,VDA
1172,GFAS
1173,FCL
1174,TCD
1175,Publishing
1176,HTRI Software
1177,Microsoft Certified Professional
1178,OData
1179,CTD
1180,XPS
1181,MRV
1182,IVIG
1183,Medical Terminology
1184,Web Services
1185,JFreeChart
1186,DVB-S2
1187,Whole Life
1188,Eyeliner
1189,SIP
1190,Lesson Planning
1191,Sun Certified Java Programmer
1192,wxWidgets
1193,Aesthetics
1194,Cinematography
1195,GPU
1196,OAB
1197,Policy
1198,SAP XI
1199,LabWindows/CVI
1200,EOR
1201,UCaaS
1202,Consumer Behaviour
1203,Power Electronics
1204,Perl
1205,ICDL
1206,DDS
1207,Logic Pro
1208,SAP SRM
1209,Construction Loans
1210,QROPS
1211,MX960
1212,Events Coordination
1213,Tactics
1214,Jin Shin Jyutsu
1215,IABP
1216,SRAM
1217,Creative Writing
1218,TDMoIP
1219,Adobe Creative Suite
1220,SolidWorks
1221,IED
1222,Numerical Ability
1223,NHL
1224,Zuken
1225,7 QC Tools
1226,TL9000
1227,Air Conditioning
1228,APO SNP
1229,PDS
1230,JRuby
1231,Equity Trading
1232,Film Festivals
1233,Kosher
1234,DCP
1235,Customer Follow-up
1236,MDaemon
1237,SDTM
1238,HCS12
1239,TTS
1240,FCPA
1241,Cisco Technologies
1242,global HCM
1243,IEC 62304
1244,Volunteer Recruiting
1245,Epic Systems
1246,LTD
1247,Occupational Rehabilitation
1248,News Writing
1249,MRSA
1250,cPanel
1251,Avaya IP Telephony
1252,Quality by Design
1253,vBulletin
1254,Sustainable Agriculture
1255,CMake
1256,Social Skills
1257,Pipelines
1258,PTMS
1259,SOA BPEL
1260,Crisis Communications
1261,RTK
1262,MPLAB
1263,HR Management
1264,Amadeus GDS
1265,JBoss Application Server
1266,Vyatta
1267,Valuation
1268,IQMS
1269,Analytical Ultracentrifugation
1270,Storytelling
1271,Custom CMS Development
1272,Hospitality Management
1273,Agarose Gel Electrophoresis
1274,HTML Scripting
1275,VC-1
1276,IRB
1277,Aspen HYSYS
1278,Analytical Skills
1279,Small Business
1280,Knowledge Sharing
1281,RTA
1282,JRockit
1283,Xcart
1284,Khalix
1285,German
1286,FMVSS
1287,Sketching
1288,EHampS Compliance
1289,10 Key
1290,Key Account Relationship Building
1291,Character Animation
1292,Web Applications
1293,Lynx
1294,Onshore
1295,Umbilicals
1296,Glazing
1297,Erlang
1298,LLBLGen
1299,DDI Certified
1300,Kaseya
1301,Urbanism
1302,Omega
1303,Dunn amp Bradstreet
1304,Eye Treatments
1305,Mortgage Lending
1306,ICH-GCP
1307,POS
1308,Youth Development
1309,Unreal Engine 3
1310,Easytrieve
1311,Kinect
1312,GSD
1313,Pharmaceutical Sales
1314,Trimble GPS
1315,FI-AA
1316,Automotive
1317,QMF
1318,LLDPE
1319,Gel Electrophoresis
1320,Medical Devices
1321,Patrol
1322,Physicians
1323,CCENT
1324,Customer Satisfaction
1325,Pyrotechnics
1326,HDLC
1327,Rooms Division
1328,Online Research
1329,Whiplash
1330,Screening
1331,Github
1332,Java
1333,Breaking News
1334,LSS
1335,Chi Kung
1336,Term Life Insurance
1337,QARun
1338,FTP
1339,NVivo
1340,XHTML
1341,Information Architecture
1342,RPR
1343,Structural Dynamics
1344,Labor Relations
1345,VxFS
1346,Kohana
1347,CentOS
1348,Ocean Transportation
1349,SGE
1350,SBEM
1351,Piano Education
1352,Rx
1353,Tcsh
1354,HTRF
1355,Residential Mortgages
1356,CFOs
1357,Yardi Voyager
1358,HTFS
1359,Oil Analysis
1360,Project Engineering
1361,Quantum GIS
1362,People Skills
1363,Military Justice
1364,Hazard Identification
1365,Hlookups
1366,Wireframes
1367,IT Service Delivery
1368,HRIS Database Management
1369,MDS
1370,OLAP Cube Studio
1371,Environmental Management Systems
1372,TFSA
1373,Guest Recovery
1374,HP XP
1375,Employee Management
1376,Google Apps
1377,Equity Valuation
1378,VoIP
1379,GHP
1380,PCIe
1381,XSL-FO
1382,NHibernate
1383,Aquatic Toxicology
1384,WGA
1385,Electricians
1386,RCRA
1387,Eggs
1388,USB
1389,Jewelry
1390,Jive SBS
1391,Videography
1392,Cross-functional Coordination
1393,AAAHC
1394,Zen
1395,Yacht Charters
1396,RCDD
1397,Creativity Skills
1398,SEO
1399,Lyris ListManager
1400,CFII
1401,GMC
1402,MPLS
1403,SAP SD Module
1404,CCIM
1405,Change Management
1406,Eyelash Extensions
1407,Military Experience
1408,Experimentation
1409,Smartstream TLM
1410,Renewable Energy
1411,Working Capital Management
1412,GMF
1413,Programming
1414,Foreign Affairs
1415,Communication
1416,RDBMS
1417,XSLT
1418,FGD
1419,Lyophilization
1420,DCAA
1421,Electric Utility
1422,PTFE
1423,Civil Society
1424,Tax Advisory
