IDPERSON,first name,last name,birthdate,gender
1,Luis,Fawdry,14 - 02,male
2,Francesca,Vakhlov,29 - 08,female
3,Erin,Ahrend,22 - 09,female
4,Evin,Jeanenet,22 - 12,male
5,Kristoforo,Kerrane,20 - 07,male
6,Ebenezer,Charopen,04 - 01,non binary
7,Alvin,Tytterton,17 - 12,male
8,Nicolina,Simonitto,30 - 09,female
9,Hynda,Berzon,16 - 10,female
10,Karolina,Scrimgeour,26 - 11,female
11,Jessi,Aspole,01 - 09,female
12,Lucinda,Licas,19 - 03,female
13,Victoria,Wressell,14 - 12,female
14,Boothe,Dmitr,04 - 12,male
15,Gretal,Gobbett,31 - 12,genderqueer
16,Ashly,Childerley,11 - 05,female
17,Clifford,Sarfat,30 - 08,male
18,Christy,Martineau,01 - 11,female
19,Shermie,Phelipeau,07 - 02,male
20,Flora,Dowdle,04 - 02,female
21,Gabriell,Kier,26 - 03,female
22,Kimbra,Egel,29 - 03,female
23,Kimmie,Stansfield,18 - 12,female
24,Lothaire,Jertz,15 - 07,male
25,Casandra,Eddow,17 - 02,polygender
26,Pammy,Boutellier,17 - 12,female
27,Selle,Tillot,13 - 04,female
28,Bart,Furniss,12 - 02,male
29,Starlene,Etter,13 - 03,female
30,Saxe,Kornousek,23 - 06,male
31,Cristionna,Gregorin,20 - 12,female
32,Emlyn,Whittlesey,07 - 01,male
33,Ab,Emmatt,08 - 06,male
34,Baron,Ibbeson,13 - 08,non binary
35,Charisse,Goodhay,18 - 12,female
36,Gilberta,Christophersen,05 - 11,female
37,Fredi,Boost,10 - 12,female
38,Kamila,Tomini,18 - 09,female
39,Andros,Gaymer,06 - 07,male
40,Zebulon,Soane,11 - 02,male
41,Reade,Rispin,27 - 04,male
42,Cory,Foster,21 - 12,male
43,Dinnie,Limming,22 - 09,female
44,Bekki,Thumim,14 - 12,female
45,Dorotea,Hearnaman,03 - 10,female
46,Ingemar,Prescot,21 - 10,male
47,Lyssa,Grinaway,27 - 12,female
48,Liva,Benford,01 - 02,female
49,Lacey,Longmaid,24 - 06,female
50,Barnard,Bulger,27 - 12,male
51,Sibel,Jagiello,28 - 09,female
52,Ira,Paullin,21 - 06,male
53,Andrea,Boarleyson,24 - 11,female
54,Aguie,Kitteridge,24 - 02,male
55,Herve,Vodden,16 - 01,male
56,Tome,Cromblehome,19 - 05,male
57,Felike,Dumbleton,27 - 04,male
58,Jordana,Roscher,03 - 07,female
59,Tobi,Kennet,25 - 01,female
60,Sancho,Cottie,12 - 02,male
61,Connor,Finnick,05 - 08,male
62,Zelig,Latour,25 - 09,male
63,Odetta,Rosenbaum,16 - 10,non binary
64,Darda,Carp,08 - 01,female
65,Lewiss,Kopf,29 - 01,male
66,Charmine,Clegg,13 - 04,female
67,Evyn,Lewsie,07 - 12,male
68,Elijah,Moubray,28 - 10,male
69,Elsi,Pilbeam,10 - 08,female
70,Carney,Neylan,19 - 08,male
71,Gracie,Korpal,15 - 11,female
72,Vikki,Sealey,12 - 10,female
73,Godfry,Geggus,05 - 11,agender
74,Rivy,Samarth,06 - 12,female
75,Adena,Lacase,02 - 05,female
76,Dorita,Gligoraci,25 - 03,female
77,Consalve,Millin,04 - 01,agender
78,Syman,Sandland,13 - 05,male
79,Bron,Fer,22 - 10,male
80,Ogden,Sprott,05 - 06,male
81,Emlyn,Zorzenoni,11 - 01,genderfluid
82,Mariejeanne,Eskrick,12 - 04,female
83,Geri,Korb,20 - 01,male
84,Gaylord,Minton,26 - 09,genderfluid
85,Clayson,Sattin,23 - 01,male
86,Carmel,Scotchforth,27 - 03,female
87,Robenia,Macgovern,09 - 07,female
88,Kean,Gutridge,25 - 12,male
89,Nora,Ferie,14 - 12,female
90,Filbert,Jarville,09 - 03,male
91,Bram,Camacho,09 - 12,male
92,Warde,Somerled,21 - 09,male
93,Othelia,Aloigi,01 - 11,female
94,Lou,Oertzen,03 - 09,male
95,Giavani,Dansken,30 - 04,male
96,Winthrop,Oherlihy,21 - 01,male
97,Carolynn,Regnard,16 - 05,female
98,Mitchell,Nerger,29 - 03,male
99,Broderick,Songest,25 - 12,male
100,Brianna,Alexandre,03 - 10,female
101,Robers,Bower,04 - 10,male
102,Pebrook,Slavin,11 - 03,male
103,Karlotte,Mccritchie,26 - 09,female
104,Franni,Wastling,24 - 06,female
105,Nikolos,Maasze,06 - 06,male
106,Fraser,Tryme,16 - 08,male
107,Olympie,Marvelley,16 - 04,female
108,Petronilla,Littlemore,27 - 02,female
109,Andromache,Kuhle,19 - 03,female
110,Anderea,Sugar,12 - 04,genderfluid
111,Charlot,Godart,14 - 02,female
112,Julianna,Abilowitz,22 - 12,female
113,Orelle,Bestwerthick,28 - 06,female
114,Jeddy,Ind,06 - 11,male
115,Jamil,Toretta,22 - 05,male
116,Ade,Blennerhassett,08 - 03,male
117,Darla,Marler,06 - 09,female
118,Rosy,Vayro,12 - 06,female
119,Jacynth,Doret,27 - 04,female
120,Aili,Butterick,09 - 11,female
121,Karole,Motto,08 - 10,female
122,Missy,Guihen,27 - 10,female
123,Angele,Ingley,30 - 06,female
124,Lyn,Jacquet,03 - 10,genderfluid
125,Lloyd,Bownas,21 - 11,male
126,Sylvia,Broadbridge,10 - 01,female
127,Allys,Stammer,21 - 06,female
128,Mireille,Revey,17 - 07,female
129,Betty,Chessum,07 - 06,female
130,Christian,Chalcraft,27 - 02,male
131,Bambi,Beed,28 - 01,female
132,Hiram,Elphick,13 - 08,bigender
133,Sigvard,Tapping,27 - 04,male
134,Engelbert,Sillett,03 - 08,male
135,Lionello,Keave,23 - 04,male
136,Cleavland,Fergusson,04 - 10,genderqueer
137,Felice,Ranyell,09 - 11,male
138,Read,Lippiello,07 - 12,male
139,Avrit,Mcclary,20 - 07,female
140,Constance,Bedburrow,19 - 08,female
141,Barrie,Hinks,15 - 09,male
142,Ogden,Teasdale-markie,14 - 11,agender
143,Cesaro,Myerscough,10 - 08,male
144,Ambrosio,Le huquet,30 - 10,male
145,Corrie,Lau,22 - 07,male
146,Elianora,Stonebridge,01 - 01,female
147,Brnaba,Drohan,21 - 08,male
148,Sonnie,D'aeth,04 - 02,female
149,Joyann,Lowen,03 - 03,female
150,Virgil,Wallett,05 - 04,male
151,Tomasine,Landell,08 - 04,female
152,Talia,Mordon,01 - 11,female
153,Sloane,Sholem,19 - 04,male
154,Morgen,Hambrook,05 - 06,agender
155,Konstantine,Fairbairn,09 - 05,male
156,Karry,Channon,23 - 11,female
157,Efrem,Hirthe,06 - 04,male
158,Rubi,Macgoun,23 - 08,female
159,Quentin,Gleed,25 - 12,male
160,Dennison,Kewzick,29 - 01,male
161,Hagen,Goldbourn,18 - 07,male
162,Tedra,Kacheller,24 - 05,female
163,Shelba,Hebner,14 - 07,female
164,Ky,Ginty,11 - 09,male
165,Elena,Beckles,01 - 01,female
166,Teodor,Huie,15 - 07,male
167,Carling,Macfie,04 - 01,male
168,Abe,Skirvin,23 - 05,male
169,Eddy,Mattedi,22 - 03,male
170,Evangelia,Cobbold,19 - 11,female
171,Deerdre,Herity,31 - 10,female
172,Drud,O'hartnett,04 - 06,male
173,Rhoda,Troni,01 - 04,female
174,Addia,O'cosgra,21 - 06,female
175,Aggi,Rosenfelt,30 - 06,female
176,Sammy,Leedes,25 - 01,male
177,Selina,Jedrychowski,14 - 06,female
178,Zachary,Callen,09 - 04,male
179,Andree,Tindley,08 - 04,female
180,Bord,Brandle,24 - 01,male
181,Perry,Livoir,05 - 07,male
182,Perkin,Elgram,01 - 04,male
183,Drusi,Clapham,08 - 01,female
184,Reggie,Giblett,01 - 01,male
185,Rowan,Acedo,26 - 11,genderfluid
186,Haze,Kirimaa,03 - 09,non binary
187,Korie,Feben,13 - 07,female
188,Teriann,Doles,16 - 05,female
189,Nerissa,Lamburne,30 - 11,polygender
190,Barrie,Damsell,25 - 03,male
191,Daffi,Formilli,11 - 12,female
192,Jackelyn,Mcfee,17 - 12,female
193,Kandace,Castellino,12 - 08,female
194,Manfred,O'deegan,15 - 04,male
195,Gale,Everingham,07 - 12,female
196,Elicia,Giacomoni,26 - 05,female
197,Pablo,Whymark,30 - 08,male
198,Rhea,Beceril,21 - 04,female
199,Norrie,Vanichkov,11 - 12,polygender
200,Ricky,Danielou,31 - 12,female
201,Ceciley,Lehr,05 - 10,female
202,Siffre,Claire,05 - 09,male
203,Mendie,Harriday,01 - 01,male
204,Clementia,Domino,07 - 10,female
205,Alfred,Chasteau,03 - 11,male
206,Matteo,Emery,25 - 06,male
207,Forrester,Slogrove,08 - 11,male
208,Daffi,Cumberledge,13 - 06,bigender
209,Marjorie,Standing,10 - 10,female
210,Hartley,Purslow,09 - 04,male
211,Anna-maria,Bordis,16 - 04,female
212,Anica,Hinkins,06 - 07,female
213,Goldi,Dandison,15 - 08,female
214,Brynne,Laetham,25 - 11,female
215,Arni,Kier,24 - 10,male
216,Ignatius,Pyrton,22 - 04,non binary
217,Feliks,Huffadine,13 - 01,male
218,Armand,Chrisp,23 - 01,male
219,Kathryne,Northleigh,03 - 09,female
220,Nanice,Rookwell,20 - 02,female
221,Cindee,Hallett,29 - 11,female
222,Cammy,Griffith,11 - 09,male
223,Bren,Buggs,09 - 02,male
224,Margarethe,Christaeas,02 - 09,female
225,Pip,Ebenezer,31 - 10,male
226,Geralda,Gilhooly,01 - 07,female
227,Dalton,Sweetland,01 - 03,non binary
228,Silva,Klazenga,31 - 03,female
229,Fayth,Mcmylor,03 - 04,female
230,Annaliese,Auld,09 - 09,female
231,Allyn,Batha,26 - 03,female
232,Henderson,Clayal,07 - 03,male
233,Joelynn,Runham,14 - 03,female
234,Raul,Aries,24 - 05,male
235,Sutton,Asee,20 - 01,male
236,Jaquelin,Pain,16 - 11,female
237,Roderick,Connow,02 - 03,male
238,Jeralee,Calbrathe,15 - 06,female
239,Phylys,Dorrins,03 - 02,female
240,Sydelle,Blackler,25 - 11,female
241,Valery,Spindler,06 - 08,female
242,Ellsworth,Dominguez,25 - 09,male
243,Shelden,Cottom,15 - 10,male
244,Quent,Necrews,26 - 03,male
245,Salomon,Paulmann,04 - 07,male
246,Junia,Ciric,12 - 06,female
247,Kit,Langworthy,12 - 11,female
248,George,Gluyus,16 - 03,male
249,Henka,Laidler,15 - 08,female
250,Isaac,Figgures,23 - 09,male
251,Jourdain,Wylie,12 - 02,male
252,Florida,Bilsland,29 - 03,female
253,Dorolice,Domenici,16 - 04,female
254,Jermaine,Minmagh,04 - 04,female
255,Starr,Collaton,23 - 07,genderqueer
256,Desi,Haylock,05 - 05,male
257,Vanessa,Gregor,04 - 03,female
258,Arturo,Stidworthy,19 - 12,male
259,Cece,Cranmere,05 - 03,male
260,Rori,Mcfadin,08 - 02,female
261,Delphinia,Ragdale,13 - 08,female
262,Banky,Trahear,05 - 11,non binary
263,Vivyan,Lockless,04 - 08,female
264,Sileas,Fancourt,16 - 05,female
265,Sheff,Mcpheat,13 - 09,male
266,Vaclav,Janosevic,26 - 05,male
267,Uta,Le hucquet,10 - 12,polygender
268,Marja,Guitte,09 - 11,female
269,Sheree,Antunez,16 - 09,non binary
270,Devina,Cruce,15 - 01,female
271,Burgess,Naseby,05 - 03,male
272,Hugues,Klug,21 - 12,male
273,Kalvin,Ablewhite,07 - 01,male
274,Dominga,Orehead,13 - 08,female
275,Nadine,Climer,06 - 02,female
276,Chiarra,Rookeby,10 - 03,female
277,Rhodia,Whetnall,17 - 01,female
278,Falkner,Frantsev,10 - 03,male
279,Leif,Wonham,02 - 06,male
280,Louella,Renish,22 - 09,female
281,Toinette,Dunne,09 - 02,female
282,Jennie,Shelf,21 - 10,female
283,Ezequiel,Rarity,09 - 01,male
284,Hildegarde,Shearmur,01 - 04,female
285,Roth,Corsham,11 - 04,male
286,Aurore,Hellier,25 - 03,female
287,Even,Prandi,17 - 10,male
288,Eleanora,Negro,06 - 11,female
289,Ginevra,Broe,02 - 06,genderqueer
290,Hugh,Creaney,19 - 01,male
291,Bailie,Jillions,05 - 06,non binary
292,Roxana,Garric,07 - 05,female
293,Edward,Dormand,26 - 12,male
294,Tomkin,Dekeyser,14 - 05,male
295,Aldon,Gooda,15 - 03,male
296,Weber,Matskiv,28 - 01,male
297,Wood,Gorcke,19 - 11,male
298,Kelsi,Rabson,12 - 04,female
299,Zonnya,Towse,03 - 02,female
300,Elnore,Blesdill,15 - 10,female
301,Daniel,Vibert,22 - 09,male
302,Rudd,Paniman,30 - 05,male
303,Daniele,Mckernon,26 - 05,female
304,Emmie,Breinl,02 - 04,female
305,Nehemiah,Scading,07 - 12,male
306,Randolph,Murrhaupt,27 - 03,male
307,Barb,Caudelier,29 - 08,female
308,Obediah,Spender,07 - 02,male
309,Faustina,Rushton,21 - 03,female
310,Kerwinn,Breukelman,04 - 03,male
311,Garald,Dunkerley,29 - 04,male
312,Burk,Delacour,11 - 01,male
313,Asia,Wheelton,04 - 04,female
314,Klarika,Pollard,05 - 08,female
315,Sibilla,Mcvrone,27 - 02,female
316,Valeda,Northfield,27 - 11,genderqueer
317,Katey,Pasterfield,07 - 08,female
318,Peadar,Wanjek,21 - 01,male
319,Arleta,Addenbrooke,11 - 09,female
320,Chucho,Girardeau,03 - 01,male
321,Lemuel,Betteney,16 - 02,male
322,Thurstan,Shernock,22 - 12,male
323,Reuven,Claypole,23 - 10,male
324,Pearla,Artindale,21 - 02,female
325,Myrah,Atterley,25 - 07,female
326,Amory,Langstrath,03 - 02,genderfluid
327,Teresina,Pencost,04 - 04,genderfluid
328,Goddard,Keller,06 - 05,male
329,Glori,Kremer,04 - 11,female
330,Heywood,Coper,24 - 06,male
331,Marnie,Tandey,05 - 11,female
332,Gwenette,Etchingham,19 - 05,female
333,Finn,Burress,01 - 10,male
334,Amber,O'lunny,25 - 04,female
335,Laryssa,Guerreau,09 - 03,female
336,Juana,Dunstall,06 - 01,female
337,Kylie,Colebourne,31 - 07,male
338,Quentin,Wigmore,01 - 02,female
339,Franklin,Blessed,05 - 07,male
340,Melitta,Antonomolii,08 - 02,female
341,Lani,Allner,12 - 05,female
342,Kile,Macleod,04 - 08,male
343,Dorthy,Herion,05 - 04,female
344,Mahalia,Degoix,14 - 02,female
345,Fidole,Duesbury,07 - 09,male
346,Cecilla,Lotherington,04 - 04,female
347,Kile,Rosenblad,26 - 07,genderqueer
348,Corey,Richley,24 - 05,female
349,Gayelord,Disbury,15 - 07,male
350,Darla,Benyan,06 - 11,female
351,Willem,Elger,23 - 02,male
352,Harrison,Hartright,22 - 05,male
353,Abelard,Busch,06 - 08,male
354,Derril,Birtley,11 - 02,male
355,Ninette,Navaro,19 - 01,female
356,Milton,Arnowitz,30 - 09,male
357,Torrin,Brandham,14 - 12,male
358,Gratiana,Muirden,01 - 06,female
359,Allegra,Plessing,20 - 02,female
360,Elliot,Camelin,10 - 02,genderfluid
361,Martin,Faraday,25 - 12,male
362,Ag,Bennetts,10 - 10,female
363,Amory,Guerro,24 - 04,male
364,Angil,Brave,14 - 04,female
365,Myron,Ivanenkov,14 - 07,male
366,Tasha,Tipens,30 - 03,female
367,Griswold,Smiley,10 - 09,male
368,Leilah,Dallosso,22 - 01,female
369,Nicolas,Giacomasso,20 - 09,male
370,Tallou,Kennady,14 - 12,female
371,Currey,Murcott,27 - 08,male
372,Catlee,Phillimore,08 - 09,female
373,Sebastian,Angelini,13 - 08,male
374,Hakim,Kaplin,09 - 09,male
375,Mychal,Dohms,03 - 08,non binary
376,Corilla,Ladbury,17 - 11,female
377,Benoit,Menel,31 - 03,male
378,Devland,Dunniom,13 - 01,male
379,Carlen,Mawman,08 - 11,female
380,Chaim,Carnelley,01 - 11,male
381,Crista,Gallyhaock,27 - 06,female
382,Flossy,Scawen,16 - 06,female
383,Katalin,Itter,27 - 10,female
384,Lavina,Deerness,24 - 10,genderfluid
385,Rianon,Sullens,17 - 01,female
386,Celene,Lyddy,02 - 10,female
387,Wain,Worboy,22 - 01,male
388,Hughie,Raylton,10 - 01,male
389,Marys,Mcdonnell,17 - 07,agender
390,Elihu,Kemster,20 - 11,male
391,Malissa,Stoneham,29 - 09,female
392,Kristal,Dziwisz,26 - 11,female
393,Romola,Iceton,28 - 03,female
394,Dorri,O'driscoll,29 - 08,bigender
395,August,Lere,06 - 11,male
396,Lauralee,Romaine,23 - 11,female
397,Binni,Pohls,30 - 05,non binary
398,Westleigh,Dory,17 - 01,male
399,Elliot,Petrescu,09 - 07,male
400,Nicolina,Healks,31 - 07,female
401,Charmion,Lanchbery,22 - 06,genderqueer
402,Clayborn,O'murtagh,03 - 01,male
403,Amie,Brydie,20 - 09,female
404,Kelli,Coch,06 - 09,female
405,Eydie,Longworth,14 - 12,female
406,Ebenezer,O'finan,25 - 06,male
407,Sephira,Speaks,16 - 11,female
408,Gerianne,Romeril,30 - 12,female
409,Shena,Macparlan,18 - 07,female
410,Mathias,Pryce,10 - 07,male
411,Yetta,Madison,12 - 02,female
412,Burk,Tallon,19 - 08,male
413,Brook,Rosencrantz,06 - 01,male
414,Gael,Mottershaw,23 - 08,female
415,Zed,Frankema,04 - 06,polygender
416,Lonee,Cowherd,11 - 05,female
417,Zenia,Tupling,25 - 11,female
418,Inna,Scarlon,02 - 05,female
419,Antone,Mcneish,06 - 10,male
420,Nev,Wewell,23 - 04,male
421,Euell,Ortell,07 - 08,male
422,Uriah,Batter,30 - 06,male
423,Nerissa,De ferraris,20 - 09,female
424,Esme,Kabisch,01 - 07,female
425,Roderigo,Spadeck,20 - 10,male
426,Tandie,Mattheis,12 - 06,female
427,Bethena,Wickens,13 - 03,female
428,Carree,Jentle,27 - 09,female
429,Wilfrid,Lilloe,06 - 09,male
430,Louisette,Douche,01 - 05,female
431,Riane,Niezen,24 - 08,female
432,Blondelle,Jeannaud,07 - 02,female
433,Hallie,Paulusch,07 - 09,female
434,Giordano,Jenkins,12 - 09,male
435,Roland,Griswood,20 - 08,male
436,Torrance,Grissett,11 - 06,male
437,Kaspar,Legrice,12 - 08,male
438,Brandyn,Macquarrie,18 - 01,male
439,Sofie,Eyam,06 - 10,female
440,Emanuel,Grout,15 - 11,male
441,Germaine,Arnow,28 - 08,female
442,Tedd,Benneyworth,21 - 08,male
443,Jemmie,Skermer,31 - 05,female
444,Kerianne,Kun,15 - 06,female
445,Phyllida,Stegell,19 - 10,female
446,Kimmie,Mustarde,26 - 07,female
447,Swen,Wildor,02 - 08,male
448,Adler,Lebond,24 - 11,male
449,Andras,Vyse,04 - 11,male
450,Cindie,Stannett,16 - 02,female
451,Abdul,Concannon,24 - 06,male
452,Justine,Ianiello,25 - 05,female
453,Skylar,Halmkin,03 - 12,male
454,Korrie,Kerry,19 - 05,female
455,Kirstin,Killcross,10 - 06,female
456,Clo,Casotti,04 - 06,female
457,Siusan,Merritt,25 - 05,female
458,Avrit,Dubarry,09 - 08,female
459,Belicia,Ghidoli,18 - 01,female
460,Jorie,Ingarfill,20 - 08,female
461,Sanderson,Childers,28 - 04,male
462,Salomo,Howick,27 - 04,male
463,Paige,Hurl,25 - 04,genderqueer
464,Gusella,Hursthouse,26 - 02,female
465,Marcy,Eisikovitsh,03 - 02,bigender
466,Brooke,Colman,05 - 10,female
467,Audrye,Cranefield,01 - 09,female
468,Erskine,Bonwick,13 - 05,male
469,Thomas,Pavinese,21 - 02,male
470,Nevile,Pigny,26 - 10,male
471,Any,Doerffer,29 - 10,male
472,Bondon,Caberas,14 - 06,male
473,Skipper,Blackleech,26 - 10,male
474,Trevar,Ottosen,14 - 11,male
475,Fabien,Krzyzowski,14 - 08,male
476,Derril,Fife,28 - 04,male
477,Johnathan,Docksey,07 - 09,male
478,Jerrome,Moralas,26 - 11,male
479,Ivett,Baysting,27 - 11,female
480,Cayla,Probin,13 - 06,female
481,Nata,Misken,27 - 02,female
482,Hasheem,Reisen,26 - 10,male
483,Arron,Sidry,03 - 05,agender
484,Denys,Maultby,17 - 11,female
485,Henrietta,Vittle,10 - 09,female
486,Ilse,Stuart,01 - 10,female
487,Lilly,Cometti,13 - 04,female
488,Rhody,Colebeck,16 - 08,female
489,Luca,Stuckford,21 - 06,male
490,Wake,Cahan,20 - 03,male
491,Tracey,Rashleigh,09 - 04,male
492,Rosabella,Murrish,25 - 12,female
493,Barbaraanne,Acarson,03 - 08,female
494,Wolf,Koppel,06 - 10,genderqueer
495,Barry,Lade,24 - 04,female
496,Benedicta,Mcgrouther,30 - 09,female
497,Gilles,Barizeret,04 - 09,male
498,Alyda,Huntar,16 - 12,female
499,Adler,Beard,21 - 02,male
500,Jermain,Marcum,22 - 06,male
501,Welch,Royall,22 - 04,male
502,Raymund,Hunting,26 - 08,male
503,Rodrique,Klemenz,01 - 11,male
504,Hubert,Ariss,13 - 07,male
505,Sacha,Klaves,05 - 05,female
506,Jere,Birkmyr,08 - 01,agender
507,Rona,De dantesie,13 - 09,female
508,Abbe,Grose,25 - 06,female
509,Emanuele,Boakes,19 - 07,male
510,Townie,Ingerith,23 - 08,male
511,Helene,Yellowlees,14 - 02,female
512,Maxim,Adaway,05 - 11,male
513,Zeke,Bettanay,06 - 05,male
514,Dan,Arnli,19 - 06,male
515,Viviene,Carrett,13 - 05,non binary
516,Moreen,Goudy,11 - 12,female
517,Gay,Rackley,16 - 07,female
518,Kinsley,Alfonsetti,22 - 10,male
519,Vivie,Dulwitch,01 - 09,female
520,Vanya,Mckomb,08 - 10,female
521,Effie,Tortoise,10 - 05,non binary
522,Candice,Siggs,15 - 04,female
523,Mady,Punt,18 - 11,female
524,Nye,Applewhite,23 - 11,male
525,Aguie,Jess,14 - 09,male
526,Leila,Aldwich,11 - 08,genderqueer
527,Martainn,Caddock,22 - 05,male
528,Ninon,Fossord,21 - 02,female
529,Eveleen,Mccathie,20 - 12,female
530,Rollin,Hustings,07 - 12,male
531,Stefa,Dowall,08 - 10,female
532,Shawn,Bucknill,23 - 07,female
533,Frederigo,Vondrasek,28 - 06,male
534,Herbie,Naerup,02 - 01,male
535,Elinor,Mckleod,03 - 03,female
536,Cynthy,Gare,23 - 05,female
537,Morry,Holgan,12 - 05,male
538,Gay,Bourcq,05 - 11,male
539,Norbie,Gilders,21 - 12,male
540,Jannel,Witherop,27 - 06,female
541,Roselle,Besant,25 - 07,genderfluid
542,Heriberto,Mayfield,28 - 06,male
543,Jakob,Moy,11 - 10,male
544,Maxim,Caldicot,18 - 06,male
545,Mallory,Clucas,22 - 06,male
546,Christoffer,Maclean,31 - 07,male
547,Cary,Burnitt,26 - 07,genderfluid
548,Merrie,Carabine,20 - 11,female
549,Tracey,Dupoy,01 - 05,female
550,Andreana,Galbreath,14 - 03,genderfluid
551,Gaynor,Arnaut,29 - 06,female
552,Francklin,Skelly,23 - 03,male
553,Helenka,Gyer,02 - 06,female
554,Bridie,Tailour,02 - 02,female
555,Sheeree,Martschke,27 - 08,female
556,Janeczka,Lennon,19 - 09,female
557,Hunt,Engley,05 - 10,male
558,Augusto,Widdowes,01 - 02,male
559,Jasen,Spours,23 - 04,male
560,Asia,Billes,18 - 07,female
561,Delila,Golling,28 - 09,female
562,Towney,Wiltshear,26 - 05,male
563,Flint,Rymour,19 - 11,male
564,Kalvin,Towse,26 - 11,male
565,Jenelle,Cazalet,09 - 03,female
566,Kaile,Dailey,21 - 12,female
567,Zuzana,Poytheras,24 - 05,female
568,Diarmid,Luetchford,18 - 09,male
569,Red,Lyness,01 - 12,non binary
570,Pierce,Weiss,11 - 11,male
571,Dewitt,Abdon,11 - 06,male
572,Bennie,Beven,26 - 10,female
573,Gene,Fairlaw,27 - 03,male
574,Fergus,Vauls,01 - 10,male
575,Sophie,Denisyev,27 - 06,genderfluid
576,Shoshana,Bartod,20 - 07,female
577,Terrel,Finch,23 - 08,male
578,Sorcha,Malyon,09 - 06,female
579,Reed,Klausen,27 - 04,male
580,Kirsteni,Gullam,01 - 11,bigender
581,Allard,Purselowe,23 - 11,male
582,Nicolle,Tulloch,03 - 10,female
583,Renie,Schimann,28 - 09,female
584,Ozzie,Dilliston,16 - 03,male
585,Theresita,Hanvey,26 - 12,female
586,Daveen,Hanson,28 - 04,female
587,Tito,Peterken,28 - 09,male
588,Denney,Farney,04 - 05,male
589,Kirk,Parkman,13 - 04,male
590,Haroun,Kinforth,18 - 11,male
591,Henryetta,Brammall,03 - 12,female
592,Rhett,Aukland,16 - 10,male
593,Arlin,Frissell,23 - 03,male
594,Bendite,Cicchillo,03 - 01,female
595,Doug,Pilbury,13 - 01,male
596,Rebbecca,Lehr,26 - 03,female
597,Shae,Beverstock,25 - 07,male
598,Ly,Rodda,13 - 10,male
599,Noah,Dalgarnocht,10 - 05,male
600,Coraline,Uglow,26 - 02,female
601,Maximilian,Forsard,25 - 11,male
602,Lavinie,Ince,14 - 05,female
603,Rory,Mighele,12 - 11,female
604,Kaycee,Rikkard,09 - 04,female
605,Roldan,Vallantine,25 - 04,male
606,Aggy,De courcey,13 - 06,female
607,Crichton,Baden,23 - 10,male
608,Devi,Castleman,22 - 09,female
609,Valeria,Coulthard,07 - 07,agender
610,Aurelea,Mcterlagh,30 - 10,female
611,Marlena,Wickerson,26 - 08,female
612,Viki,Tybalt,19 - 05,female
613,Waite,Moody,09 - 09,male
614,Sheri,Quogan,19 - 06,female
615,Sandy,Keane,19 - 10,female
616,Seth,Bruno,21 - 01,male
617,Damiano,Tattershall,22 - 03,male
618,Zonnya,Bowstead,28 - 04,female
619,Conny,Byrcher,15 - 02,male
620,Ester,Piecha,03 - 12,female
621,Brook,Quidenham,08 - 12,male
622,Katine,Langcastle,22 - 06,female
623,Jeffie,Dowty,19 - 01,male
624,Alphonse,Monday,02 - 07,male
625,Lishe,Mcdonagh,27 - 05,female
626,Philis,Schmidt,27 - 07,polygender
627,Eba,Betterton,25 - 04,female
628,Greer,Legion,23 - 11,female
629,Cherin,Brookson,30 - 07,female
630,Brittani,Zapater,29 - 12,female
631,Hernando,Leverett,08 - 09,male
632,Jeffy,Corneil,18 - 03,male
633,Ward,Davidai,26 - 11,polygender
634,Sibylle,Thomtson,22 - 01,female
635,Shayna,Abreheart,17 - 04,female
636,Friedrick,Basden,11 - 04,male
637,Guillaume,Hamner,19 - 09,male
638,Augustus,Vokes,29 - 10,male
639,Sean,Goley,16 - 03,male
640,Iver,Dearden,17 - 11,male
641,Loree,Chatres,24 - 08,female
642,Cece,Rozzier,06 - 02,male
643,Roseanne,Roos,25 - 01,female
644,Jeramey,Sidle,09 - 03,male
645,Kathie,Fenck,24 - 05,genderfluid
646,Quill,Ellicombe,31 - 03,male
647,Quintin,Scotting,03 - 03,male
648,Danna,Beamson,04 - 02,female
649,Norrie,Grinston,21 - 12,female
650,Mariquilla,Riddeough,27 - 10,female
651,Windham,Blanchflower,11 - 03,male
652,Marjie,Assur,21 - 08,female
653,Bronnie,Glanester,20 - 10,male
654,Rebecka,Hrycek,19 - 03,female
655,Rheba,Gameson,02 - 08,female
656,Consuelo,Judgkins,21 - 09,female
657,Raquela,Avo,24 - 07,female
658,Nelson,Dowgill,14 - 05,male
659,Donelle,Lawlee,11 - 05,female
660,Roz,Mundford,25 - 02,female
661,Damiano,Hudless,25 - 05,male
662,Ortensia,Heifer,01 - 01,female
663,Saundra,Bravey,02 - 05,male
664,Heall,Thominga,15 - 03,male
665,Gibb,Dovidaitis,03 - 09,male
666,Cecily,Schmidt,19 - 02,female
667,Vergil,Hofler,12 - 12,male
668,Halsey,Garnson,14 - 12,male
669,Talbot,Spong,25 - 08,male
670,Reine,Marquess,13 - 03,female
671,Vivianne,Snary,04 - 02,female
672,Dal,Cauthra,16 - 12,male
673,Wilma,Macallister,13 - 06,female
674,Saunders,De cleyne,01 - 06,male
675,Marjory,Farmiloe,01 - 05,female
676,Ashla,Ditch,27 - 09,female
677,Belle,Rault,25 - 01,female
678,Henrietta,Courage,03 - 02,female
679,Kliment,Rhelton,18 - 02,male
680,Liva,Farlowe,20 - 07,female
681,Irvine,Poyntz,22 - 05,male
682,Carolan,Sorro,23 - 11,female
683,Filmer,Wannes,06 - 04,male
684,Nathanial,Mcmackin,21 - 12,male
685,Anica,Rowan,10 - 04,female
686,Hashim,Lahy,13 - 09,male
687,Jereme,Swatradge,22 - 02,male
688,Granville,Mariet,09 - 07,male
689,Orella,Blacktin,04 - 12,female
690,Franciskus,Petz,16 - 06,male
691,Tod,Legion,15 - 10,male
692,Benito,Omand,07 - 05,male
693,Berti,Danigel,28 - 06,male
694,Fredric,Heaysman,15 - 10,agender
695,Shantee,Henmarsh,02 - 08,female
696,Dela,Fawson,09 - 04,female
697,Cynthy,Moynham,22 - 12,female
698,Leda,Hills,27 - 03,female
699,Feliks,Alexandrou,28 - 12,non binary
700,Lilas,Maccombe,09 - 08,female
701,Reiko,Geary,12 - 04,female
702,Dennis,Pullar,01 - 10,male
703,Chet,Newey,10 - 07,male
704,Hew,Christer,28 - 02,male
705,Jami,Giacomi,09 - 07,female
706,Gwenore,Tait,12 - 12,female
707,Tarah,Cornuau,17 - 09,female
708,Knox,Butterfint,27 - 01,male
709,Adler,Sang,10 - 03,male
710,Albrecht,Munt,02 - 06,polygender
711,Robinia,Hrus,17 - 05,female
712,Shaylynn,Ickovits,22 - 09,bigender
713,Lemmy,Puttick,20 - 03,male
714,Luce,Brough,02 - 11,female
715,Gui,Beedell,01 - 03,female
716,Wash,Spreckley,07 - 01,agender
717,Bertie,Possell,18 - 04,female
718,Karrie,Mchardy,16 - 06,female
719,Mada,Babin,09 - 12,female
720,Kandace,Mocker,23 - 03,female
721,Edita,Phillimore,08 - 11,female
722,Henderson,Childs,04 - 01,male
723,Svend,Hedditeh,24 - 05,agender
724,Ursala,Obeney,02 - 08,female
725,Valina,Biddles,16 - 08,female
726,Anstice,Eastbrook,16 - 01,female
727,Vin,Rash,30 - 12,genderqueer
728,Honoria,Witz,26 - 05,female
729,Gina,Merigeau,30 - 06,female
730,Gerti,Langley,07 - 06,female
731,Quintin,Potteril,20 - 09,male
732,Mathe,Cowthart,06 - 05,male
733,Jaye,Colbert,15 - 06,male
734,Gan,Wadlow,28 - 09,bigender
735,Dewain,Petkov,27 - 09,male
736,Florella,Agdahl,28 - 09,female
737,Aurilia,Walrond,23 - 06,female
738,Lynsey,Swiggs,27 - 01,genderqueer
739,Richart,Pepall,21 - 01,polygender
740,Cordelie,Jacson,14 - 11,female
741,Abigail,Maryott,25 - 03,female
742,Thebault,Piotrowski,22 - 02,male
743,Skell,Krojn,08 - 01,male
744,Perry,Macauley,22 - 07,female
745,Hugibert,Ordemann,28 - 05,male
746,Lionel,Wasbrough,26 - 09,male
747,Chevy,Jonsson,17 - 07,agender
748,Larisa,Heustace,06 - 01,female
749,Taddeusz,Cappleman,24 - 07,male
750,Randell,Romme,15 - 04,male
751,Angeline,Walbrook,14 - 01,female
752,Jethro,Petrashov,02 - 03,male
753,Maryjo,Durtnal,09 - 11,female
754,Ive,Sey,19 - 05,male
755,Baudoin,Sherborn,11 - 08,male
756,Vivyanne,Tilliard,23 - 06,female
757,Raf,Macalpin,12 - 09,genderqueer
758,Brina,Mattson,25 - 06,genderqueer
759,Adel,Fogg,12 - 09,female
760,Tobi,Mattiessen,11 - 02,female
761,Hoyt,Keough,18 - 02,male
762,Erin,Liggons,15 - 11,male
763,Lauritz,Upfold,12 - 05,male
764,Riobard,Girardeau,12 - 02,male
765,Audi,Badrick,24 - 07,female
766,Izak,Ashfold,21 - 07,male
767,Lambert,Donke,12 - 07,agender
768,Chevy,Sandison,03 - 09,male
769,Omero,Flewin,20 - 08,male
770,Zuzana,Paszak,30 - 01,female
771,Robinet,Osbaldeston,08 - 05,male
772,Shanta,Hambrook,11 - 09,agender
773,Clarinda,Laws,28 - 02,bigender
774,Joey,Trood,10 - 04,male
775,Christophe,Udell,05 - 01,male
776,Tabina,Brumwell,22 - 07,female
777,Mattie,Monkeman,03 - 02,male
778,Analise,Shorie,03 - 02,female
779,Lola,Budding,14 - 09,agender
780,Dari,Turbill,26 - 09,female
781,Christy,Duligal,16 - 10,female
782,Konstantin,Arnowicz,20 - 05,male
783,Hakeem,Ronaldson,27 - 09,male
784,Claudio,Balmforth,28 - 07,male
785,Hunter,Perri,24 - 03,male
786,Siouxie,Mc meekan,18 - 12,female
787,Vincents,Mcnern,22 - 03,male
788,Dotty,Porkiss,12 - 01,female
789,Chrissy,Milsted,02 - 08,female
790,Skip,Bellison,11 - 10,male
791,Bamby,Gant,22 - 12,female
792,Sheri,Furmenger,18 - 02,female
793,Annecorinne,Bootman,28 - 02,female
794,Ettie,Flori,21 - 06,female
795,Maison,Norree,12 - 05,male
796,George,Musgrove,31 - 03,male
797,Rowney,Dorow,26 - 06,male
798,Dehlia,Mcskeagan,23 - 04,female
799,Alley,Siggin,17 - 02,male
800,Winifred,Heaseman,18 - 11,female
801,Noreen,Hawton,14 - 12,female
802,Elene,Dalgety,17 - 09,female
803,Gayla,Bernardoni,29 - 04,bigender
804,Hernando,Evett,10 - 07,male
805,Bendick,Klehyn,17 - 11,male
806,Shanta,Dineen,20 - 05,female
807,Bethanne,Braycotton,28 - 05,female
808,Sharity,Strongman,28 - 11,female
809,Haslett,O'logan,04 - 09,non binary
810,Glenna,Shanley,20 - 07,female
811,Etti,Walpole,19 - 02,female
812,Birk,Vaughten,29 - 07,male
813,Nester,Venton,31 - 01,male
814,Marlo,Blinman,23 - 01,male
815,Tiffanie,Kenwin,27 - 08,female
816,Waylen,Huish,02 - 12,male
817,Lise,Postins,21 - 04,female
818,Lucky,Castelow,29 - 07,female
819,Eloisa,Tomaszkiewicz,06 - 04,female
820,Frank,Braferton,16 - 08,male
821,Papagena,Barens,12 - 12,female
822,Karl,Adnett,13 - 07,male
823,Alanna,Annwyl,30 - 12,female
824,Giovanni,Mibourne,10 - 01,bigender
825,Darlleen,Meade,24 - 11,female
826,Lydon,Francescuccio,03 - 01,male
827,Kellen,Curror,01 - 08,female
828,Cazzie,Pidon,20 - 09,male
829,Adlai,Batecok,24 - 04,male
830,Em,Maris,31 - 08,male
831,Charlie,Glavias,01 - 04,male
832,Matthieu,Oosthout de vree,08 - 07,male
833,Broderic,Mcallen,15 - 06,male
834,Winonah,Frugier,19 - 11,genderqueer
835,Freeland,Lemerle,04 - 04,male
836,Melvin,Evett,08 - 05,male
837,Helaina,Dorning,10 - 05,female
838,Norby,Olkowicz,17 - 02,male
839,Shawna,Purbrick,14 - 05,female
840,Ephrem,Bake,26 - 02,male
841,Demetris,Wines,07 - 02,male
842,Virginia,Langstone,04 - 01,female
843,Zelig,Dunican,10 - 02,male
844,Abagail,Longland,28 - 08,female
845,Bobbie,Doelle,13 - 12,male
846,Jeffry,Lebbern,14 - 02,male
847,Jacquenetta,Hing,30 - 04,female
848,Courtenay,Dibble,15 - 03,non binary
849,Beilul,Petris,26 - 12,female
850,Vlad,Bristoe,01 - 07,male
851,Baxie,Lammert,01 - 08,male
852,Tedie,Hosier,29 - 05,male
853,Mycah,Storrie,31 - 08,male
854,Gayel,Mccathie,16 - 01,female
855,Aube,Feasey,29 - 12,male
856,Zondra,Colledge,18 - 12,female
857,Kristoffer,Dickins,18 - 07,male
858,Terrell,Drivers,23 - 10,male
859,Domini,Pennicard,30 - 07,female
860,Mei,Aldwinckle,17 - 03,female
861,Cami,Moatt,27 - 01,female
862,Pebrook,Brownsea,11 - 03,male
863,Vonni,Philips,10 - 04,female
864,Kira,Flement,22 - 07,female
865,Vidovic,Wyllcocks,05 - 08,male
866,Tybalt,Hunnawill,06 - 03,polygender
867,Clem,Sowray,02 - 09,female
868,Malinda,Rookesby,11 - 10,female
869,Dare,Tant,23 - 10,male
870,Thomasina,Godard,01 - 02,female
871,Ennis,Ullett,16 - 12,male
872,Clement,Corthes,15 - 04,male
873,Gipsy,Redholls,27 - 11,female
874,Donia,Kidby,16 - 06,female
875,Leroy,Shotbolt,12 - 11,male
876,Adora,Avey,23 - 08,female
877,Aldo,Knutsen,04 - 03,male
878,Anjanette,Matashkin,22 - 01,female
879,Wilma,Rylett,20 - 11,female
880,Torre,Lobell,24 - 08,male
881,Prissie,Nellies,25 - 06,female
882,Bondy,Heinonen,23 - 04,male
883,Indira,Brushneen,20 - 10,female
884,Levi,De villier,18 - 11,male
885,Michaeline,O'grogane,07 - 09,female
886,Biron,Macneice,24 - 05,male
887,Lilas,Ondricek,26 - 05,female
888,Jecho,Treversh,23 - 12,male
889,Berny,Darcey,30 - 09,male
890,Claudia,Newport,09 - 02,female
891,Baryram,Spiers,16 - 10,male
892,Nancey,Darling,04 - 07,female
893,Wilhelmine,Laurenty,24 - 06,female
894,Lauree,Lally,20 - 07,female
895,Hedi,Ethridge,27 - 04,female
896,Aaren,Kirwin,14 - 01,female
897,Lanie,Fleeming,28 - 01,male
898,Bondie,Shrimpton,30 - 09,male
899,Rosetta,Pomfrett,01 - 04,female
900,Calhoun,Chaney,28 - 12,bigender
901,Margret,St. quentin,14 - 03,non binary
902,Royall,Duplain,16 - 11,male
903,Adriaens,Coneron,16 - 03,female
904,Shannon,Mungane,13 - 09,male
905,Elicia,Hoyles,11 - 10,female
906,Valdemar,Dobrowski,20 - 09,male
907,Elianora,Pusey,09 - 05,female
908,Marcel,Brandi,03 - 02,male
909,Keane,Sheron,09 - 07,male
910,Janaye,Todor,19 - 05,genderfluid
911,Barry,Sheppard,03 - 12,female
912,Bartram,Leeves,13 - 01,male
913,Shandie,Downing,27 - 08,female
914,Evy,Detloff,10 - 08,female
915,Sile,Monteith,24 - 06,female
916,Fanny,Witheridge,18 - 05,female
917,Clyde,Bonsall,27 - 06,male
918,Hatti,Petzold,02 - 05,agender
919,Alane,Fitzsymons,07 - 06,female
920,Maxwell,Tallowin,30 - 07,male
921,Aldwin,Poag,08 - 11,male
922,Maxim,Epgrave,25 - 04,male
923,Donetta,Cowe,21 - 12,female
924,Lucas,Buddle,20 - 01,male
925,Livy,Mawman,09 - 02,female
926,Silvanus,Broodes,23 - 05,male
927,Neall,Screwton,11 - 10,male
928,Shurwood,Scawn,26 - 09,male
929,Augie,Wealthall,24 - 03,male
930,Nicky,Hutcheon,06 - 07,female
931,Henrie,Sherr,04 - 02,female
932,Hillary,Stansby,18 - 12,male
933,Cull,Calrow,27 - 01,male
934,Lorianne,Foucard,18 - 02,female
935,Blisse,Sharville,17 - 01,female
936,Norah,Bourne,08 - 08,female
937,Hephzibah,Evenden,09 - 10,female
938,Faunie,Drees,30 - 05,non binary
939,Mikaela,Manneville,01 - 07,female
940,Courtenay,Idill,31 - 10,female
941,Bailie,Absalom,02 - 11,male
942,Christiane,Quantick,07 - 03,female
943,Birch,Lawman,04 - 03,male
944,Gerty,Pomfret,23 - 07,female
945,Wolfy,Pinyon,20 - 09,male
946,Evered,Brookesbie,01 - 08,male
947,Harriott,Symones,26 - 04,female
948,Patricia,Jensen,22 - 11,female
949,Junia,Haxley,13 - 03,agender
950,Torry,Joppich,13 - 04,male
951,Dulcea,Di biasi,30 - 10,female
952,Godfrey,Graybeal,27 - 11,male
953,Thekla,Endicott,27 - 09,female
954,Keene,Macwhirter,12 - 10,male
955,Lindsay,Fiddyment,02 - 02,male
956,Vin,Lambart,18 - 09,female
957,Penelope,Jozsef,25 - 07,female
958,Harmony,Josham,03 - 06,female
959,Melany,Eaken,16 - 09,female
960,Averyl,Congreve,24 - 03,female
961,Les,Eldered,06 - 07,male
962,Lester,Sebley,11 - 04,polygender
963,Arie,Boyer,29 - 05,male
964,Jamal,Andriveau,25 - 07,male
965,Ruprecht,Whisson,04 - 02,male
966,Catrina,Melton,08 - 12,female
967,Libbie,Turbayne,04 - 04,female
968,Cacilia,Ackhurst,31 - 10,agender
969,Silvester,Pomphrey,26 - 12,male
970,Reuben,Levey,26 - 12,male
971,Von,Treen,12 - 05,male
972,Patsy,Guare,11 - 01,female
973,Gerek,O'hear,20 - 01,male
974,Thorpe,Ghelarducci,07 - 12,male
975,Ave,Rowthorn,28 - 12,male
976,Issie,Hubert,18 - 07,female
977,Ruth,Yarn,14 - 08,female
978,Hillary,Sleightholme,23 - 03,male
979,Ardelia,Geharke,17 - 10,female
980,Marcella,Bastide,25 - 01,female
981,Fin,Mars,26 - 12,male
982,Cassius,Baddow,02 - 03,male
983,Wanda,Hitzke,02 - 11,female
984,Salim,Clayton,09 - 09,male
985,Melany,Carwithen,02 - 12,female
986,Dottie,Bleyman,03 - 02,female
987,Karmen,Orkney,23 - 03,female
988,Matthew,Hellard,18 - 01,male
989,Parrnell,Charlin,21 - 10,male
990,Chiquia,Matuszinski,16 - 01,female
991,Car,Tween,25 - 07,male
992,Sidney,Boeck,09 - 03,male
993,Polly,Boatwright,20 - 06,female
994,Mela,Ferrarello,19 - 06,female
995,Merl,Verbeek,12 - 07,female
996,Heddie,Kassman,28 - 07,female
997,Shir,Pinnere,29 - 12,female
998,Sorcha,Crummay,28 - 06,female
999,Marya,Pollastrino,26 - 04,female
1000,Susann,Stinson,09 - 05,female
